{
    "0": 0.44548044548044546,
    "1": 0.556454221934649,
    "2": 0.8909608909608909,
    "3": 1.1625549172017573,
    "4": 1.193615544760583,
    "5": 1.2559328221978825,
    "6": 1.3421771361685524,
    "7": 1.4891774891774892,
    "8": 1.5107597716293368,
    "9": 1.5329768270944741,
    "10": 1.6373155640171346
}